{
  "condition": {
    "Flaming Enchantment": {
      "sheet": "ench_current",
      "index": "50",
      "symbol": "GREATER",
      "value": "0"
    },
    "Interact Bow": {
      "sheet": "legacy",
      "index": "player_current_item_as_number",
      "symbol": "EQUAL",
      "value": "261"
    },
    "Interact Bow Critical Release (1)": {
      "sheet": "legacy_delta",
      "index": "72000_minus_item_use_duration",
      "symbol": "LESSER",
      "value": "71980"
    },
    "Interact Bow Critical Release (2)": {
      "sheet": "legacy_delta",
      "index": "72000_minus_item_use_duration",
      "symbol": "GREATER",
      "value": "10"
    },
    "Interact Bow Release": {
      "sheet": "ply_action_delta",
      "index": "item_use_duration",
      "symbol": "LESSER",
      "value": "0"
    },
    "Interact Bow__AS_ITEM": {
      "sheet": "legacy",
      "index": "player_current_item_as_number",
      "symbol": "EQUAL",
      "value": "minecraft:bow"
    },
    "Interact Critical Hit (1)": {
      "sheet": "ply_general",
      "index": "on_ladder",
      "symbol": "EQUAL",
      "value": "0"
    },
    "Interact Critical Hit (2)": {
      "sheet": "ply_action_delta",
      "index": "fall_distance1k",
      "symbol": "NOT_EQUAL",
      "value": "0"
    },
    "Interact Critical Hit (3)": {
      "sheet": "ply_motion",
      "index": "y_1k",
      "symbol": "LESSER",
      "value": "0"
    },
    "Interact Critical Hit (4)": {
      "sheet": "ply_general",
      "index": "in_water",
      "symbol": "EQUAL",
      "value": "0"
    },
    "Interact Mid-Swing": {
      "sheet": "ply_action",
      "index": "swing_progress16",
      "symbol": "GREATER",
      "value": "0"
    },
    "Interact Mouse over a Block": {
      "sheet": "legacy_hitscan",
      "index": "mouse_over_what_remapped",
      "value": "0",
      "symbol": "EQUAL"
    },
    "Interact Mouse over an Entity": {
      "sheet": "legacy_hitscan",
      "index": "mouse_over_what_remapped",
      "symbol": "EQUAL",
      "value": "1"
    },
    "Interact Right Action Continuous": {
      "sheet": "ply_action",
      "index": "item_use_duration",
      "symbol": "GREATER",
      "value": "0"
    },
    "Interact Swing": {
      "sheet": "ply_action",
      "index": "swinging",
      "symbol": "NOT_EQUAL",
      "value": "0"
    },
    "Interact Sword Sharp": {
      "sheet": "legacy",
      "index": "player_current_item_as_number",
      "symbol": "IN_LIST",
      "value": "Sword Sharp"
    },
    "Interact Sword Soft": {
      "sheet": "legacy",
      "index": "player_current_item_as_number",
      "symbol": "IN_LIST",
      "value": "Sword Soft"
    },
    "Interact Target": {
      "sheet": "legacy_hitscan",
      "index": "mouse_over_something",
      "symbol": "EQUAL",
      "value": "1"
    },
    "Interact Tool Sharp": {
      "sheet": "legacy",
      "index": "player_current_item_as_number",
      "symbol": "IN_LIST",
      "value": "Tool Sharp"
    },
    "Interact Tool Soft": {
      "sheet": "legacy",
      "index": "player_current_item_as_number",
      "symbol": "IN_LIST",
      "value": "Tool Soft"
    },
    "Is underwater": {
      "sheet": "ply_stats",
      "index": "oxygen",
      "symbol": "LESSER",
      "value": "300"
    }
  },
  "set": {
    "Interact Bow Critical (1)": {
      "yes": [
        "Interact Bow",
        "Interact Bow Critical Release (1)",
        "Interact Bow Critical Release (2)"
      ],
      "no": []
    },
    "Interact Bow Critical (2)": {
      "yes": [
        "Interact Bow",
        "Interact Bow Critical Release (1)",
        "Interact Bow Critical Release (2)"
      ],
      "no": []
    },
    "Interact Bow Release with Flaming": {
      "yes": [
        "Flaming Enchantment",
        "Interact Bow",
        "Interact Bow Release"
      ],
      "no": []
    },
    "Interact Bow Stretching": {
      "yes": [
        "Interact Bow",
        "Interact Right Action Continuous"
      ],
      "no": []
    },
    "Interact Critical Hit": {
      "yes": [
        "Interact Critical Hit (1)",
        "Interact Critical Hit (2)",
        "Interact Critical Hit (3)",
        "Interact Critical Hit (4)",
        "Interact Mouse over an Entity",
        "Interact Swing"
      ],
      "no": [
        "Interact Mid-Swing"
      ]
    },
    "Interact Sword Sharp Hit": {
      "yes": [
        "Interact Swing",
        "Interact Sword Sharp",
        "Interact Mouse over an Entity"
      ],
      "no": [
        "Interact Mid-Swing"
      ]
    },
    "Interact Sword Sharp Swing Non-Block": {
      "yes": [
        "Interact Mid-Swing",
        "Interact Sword Sharp"
      ],
      "no": [
        "Interact Mouse over a Block"
      ]
    },
    "Interact Sword Sharp Swing Block": {
      "yes": [
        "Interact Swing",
        "Interact Sword Sharp",
        "Interact Mouse over a Block"
      ],
      "no": []
    },
    "Interact Sword Soft Hit": {
      "yes": [
        "Interact Swing",
        "Interact Sword Soft",
        "Interact Mouse over an Entity"
      ],
      "no": [
        "Interact Mid-Swing"
      ]
    },
    "Interact Sword Soft Swing Non-Block": {
      "yes": [
        "Interact Mid-Swing",
        "Interact Sword Soft"
      ],
      "no": [
        "Interact Mouse over a Block"
      ]
    },
    "Interact Sword Soft Swing Block": {
      "yes": [
        "Interact Swing",
        "Interact Sword Soft",
        "Interact Mouse over a Block"
      ],
      "no": []
    },
    "Interact Tool Sharp Swing to Miss": {
      "yes": [
        "Interact Swing",
        "Interact Tool Sharp"
      ],
      "no": [
        "Interact Target"
      ]
    },
    "Interact Tool Soft Swing to Miss": {
      "yes": [
        "Interact Swing",
        "Interact Tool Soft"
      ],
      "no": [
        "Interact Target"
      ]
    },
    "Is out of water": {
      "yes": [],
      "no": [
        "Is underwater"
      ]
    },
    "Is underwater": {
      "yes": [
        "Is underwater"
      ],
      "no": []
    }
  },
  "machine": {
    "Interact Bow Flaming Fire": {
      "allow": [
        "Interact Bow Release with Flaming"
      ],
      "restrict": [
        "Is underwater"
      ],
      "fadein": 0.0,
      "fadeout": 0.0,
      "delay_fadein": 0.0,
      "delay_fadeout": 0.0,
      "event": [
        {
          "event": "Interact Bow Flaming Fire",
          "vol_mod": 1.0,
          "pitch_mod": 1.0,
          "delay_min": 10.0,
          "delay_max": 10.0,
          "delay_start": -1.0
        }
      ]
    },
    "Interact Bow Stretch": {
      "allow": [
        "Interact Bow Stretching"
      ],
      "restrict": [
        "Is underwater"
      ],
      "fadein": 0.0,
      "fadeout": 0.0,
      "delay_fadein": 0.0,
      "delay_fadeout": 0.0,
      "event": [
        {
          "event": "Interact Bow Stretch",
          "vol_mod": 1.0,
          "pitch_mod": 1.0,
          "delay_min": 10000.0,
          "delay_max": 10000.0,
          "delay_start": -1.0
        }
      ]
    },
    "Interact Bow Stretch UW": {
      "allow": [
        "Interact Bow Stretching"
      ],
      "restrict": [
        "Is out of water"
      ],
      "fadein": 0.0,
      "fadeout": 0.0,
      "delay_fadein": 0.0,
      "delay_fadeout": 0.0,
      "event": [
        {
          "event": "Stretch in water",
          "vol_mod": 1.0,
          "pitch_mod": 1.0,
          "delay_min": 100.0,
          "delay_max": 100.0,
          "delay_start": -1.0
        }
      ]
    },
    "Interact Critical": {
      "allow": [
        "Interact Bow Critical (1)",
        "Interact Bow Critical (2)",
        "Interact Critical Hit"
      ],
      "restrict": [],
      "fadein": 0.0,
      "fadeout": 0.0,
      "delay_fadein": 0.0,
      "delay_fadeout": 0.0,
      "event": [
        {
          "event": "Interact Critical Emit",
          "vol_mod": 1.0,
          "pitch_mod": 1.0,
          "delay_min": 10.0,
          "delay_max": 10.0,
          "delay_start": -1.0
        }
      ]
    },
    "Interact Hit UW": {
      "allow": [
        "Interact Sword Sharp Hit",
        "Interact Sword Soft Hit"
      ],
      "restrict": [
        "Is out of water"
      ],
      "fadein": 0.0,
      "fadeout": 0.0,
      "delay_fadein": 0.0,
      "delay_fadeout": 0.0,
      "event": [
        {
          "event": "Hit in water",
          "vol_mod": 1.0,
          "pitch_mod": 1.0,
          "delay_min": 100.0,
          "delay_max": 100.0,
          "delay_start": -1.0
        }
      ]
    },
    "Interact Sword Sharp Hit": {
      "allow": [
        "Interact Sword Sharp Hit"
      ],
      "restrict": [
        "Is underwater"
      ],
      "fadein": 0.0,
      "fadeout": 0.0,
      "delay_fadein": 0.0,
      "delay_fadeout": 0.0,
      "event": [
        {
          "event": "Interact Sword Sharp Hit",
          "vol_mod": 1.0,
          "pitch_mod": 1.0,
          "delay_min": 10.0,
          "delay_max": 10.0,
          "delay_start": -1.0
        }
      ]
    },
    "Interact Sword Sharp Swing": {
      "allow": [
        "Interact Sword Sharp Swing Non-Block",
        "Interact Sword Sharp Swing Block"
      ],
      "restrict": [
        "Is underwater"
      ],
      "fadein": 0.0,
      "fadeout": 0.0,
      "delay_fadein": 0.0,
      "delay_fadeout": 0.0,
      "event": [
        {
          "event": "Interact Sword Sharp Swing",
          "vol_mod": 1.0,
          "pitch_mod": 1.0,
          "delay_min": 10.0,
          "delay_max": 10.0,
          "delay_start": -1.0
        }
      ]
    },
    "Interact Sword Soft Hit": {
      "allow": [
        "Interact Sword Soft Hit"
      ],
      "restrict": [
        "Is underwater"
      ],
      "fadein": 0.0,
      "fadeout": 0.0,
      "delay_fadein": 0.0,
      "delay_fadeout": 0.0,
      "event": [
        {
          "event": "Interact Sword Soft Hit",
          "vol_mod": 1.0,
          "pitch_mod": 1.0,
          "delay_min": 10.0,
          "delay_max": 10.0,
          "delay_start": -1.0
        }
      ]
    },
    "Interact Sword Soft Swing": {
      "allow": [
        "Interact Sword Soft Swing Block",
        "Interact Sword Soft Swing Non-Block"
      ],
      "restrict": [
        "Is underwater"
      ],
      "fadein": 0.0,
      "fadeout": 0.0,
      "delay_fadein": 0.0,
      "delay_fadeout": 0.0,
      "event": [
        {
          "event": "Interact Sword Soft Swing",
          "vol_mod": 1.0,
          "pitch_mod": 1.0,
          "delay_min": 10.0,
          "delay_max": 10.0,
          "delay_start": -1.0
        }
      ]
    },
    "Interact Sword Swing UW": {
      "allow": [
        "Interact Sword Sharp Swing Non-Block",
        "Interact Sword Sharp Swing Block",
        "Interact Sword Soft Swing Non-Block",
        "Interact Sword Soft Swing Block"
      ],
      "restrict": [
        "Is out of water"
      ],
      "fadein": 0.0,
      "fadeout": 0.0,
      "delay_fadein": 0.0,
      "delay_fadeout": 0.0,
      "event": [
        {
          "event": "Swing in water",
          "vol_mod": 1.0,
          "pitch_mod": 1.0,
          "delay_min": 100.0,
          "delay_max": 100.0,
          "delay_start": -1.0
        }
      ]
    },
    "Interact Tool Sharp Swing to Miss": {
      "allow": [
        "Interact Tool Sharp Swing to Miss"
      ],
      "restrict": [
        "Is underwater"
      ],
      "fadein": 0.0,
      "fadeout": 0.0,
      "delay_fadein": 0.0,
      "delay_fadeout": 0.0,
      "event": [
        {
          "event": "Interact Tool Sharp Swing",
          "vol_mod": 1.0,
          "pitch_mod": 1.0,
          "delay_min": 10.0,
          "delay_max": 10.0,
          "delay_start": -1.0
        }
      ]
    },
    "Interact Tool Soft Swing to Miss": {
      "allow": [
        "Interact Tool Soft Swing to Miss"
      ],
      "restrict": [
        "Is underwater"
      ],
      "fadein": 0.0,
      "fadeout": 0.0,
      "delay_fadein": 0.0,
      "delay_fadeout": 0.0,
      "event": [
        {
          "event": "Interact Tool Soft Swing",
          "vol_mod": 1.0,
          "pitch_mod": 1.0,
          "delay_min": 10.0,
          "delay_max": 10.0,
          "delay_start": -1.0
        }
      ]
    },
    "Interact Tool Swing to Miss UW": {
      "allow": [
        "Interact Tool Sharp Swing to Miss",
        "Interact Tool Soft Swing to Miss"
      ],
      "restrict": [
        "Is out of water"
      ],
      "fadein": 0.0,
      "fadeout": 0.0,
      "delay_fadein": 0.0,
      "delay_fadeout": 0.0,
      "event": [
        {
          "event": "Swing in water",
          "vol_mod": 1.0,
          "pitch_mod": 1.0,
          "delay_min": 100.0,
          "delay_max": 100.0,
          "delay_start": -1.0
        }
      ]
    }
  },
  "event": {
    "Hit in water": {
      "vol_min": 1.4,
      "vol_max": 1.5,
      "pitch_min": 0.7,
      "pitch_max": 0.8,
      "distance": 0,
      "path": [
        "matmos_interactions/water_underwater_a.ogg",
        "matmos_interactions/water_underwater_b.ogg",
        "matmos_interactions/water_underwater_c.ogg",
        "matmos_interactions/water_underwater_d.ogg"
      ]
    },
    "Interact Bow Flaming Fire": {
      "vol_min": 1.0,
      "vol_max": 1.0,
      "pitch_min": 0.9,
      "pitch_max": 1.05,
      "distance": 0,
      "path": [
        "matmos_interactions/bow_flame_a.ogg",
        "matmos_interactions/bow_flame_b.ogg",
        "matmos_interactions/bow_flame_c.ogg"
      ]
    },
    "Interact Bow Stretch": {
      "vol_min": 1.0,
      "vol_max": 1.0,
      "pitch_min": 0.8,
      "pitch_max": 1.1,
      "distance": 0,
      "path": [
        "matmos_interactions/bow_stretch_a.ogg",
        "matmos_interactions/bow_stretch_b.ogg",
        "matmos_interactions/bow_stretch_c.ogg",
        "matmos_interactions/bow_stretch_d.ogg",
        "matmos_interactions/bow_stretch_e.ogg"
      ]
    },
    "Interact Critical Emit": {
      "vol_min": 1.0,
      "vol_max": 1.0,
      "pitch_min": 0.9,
      "pitch_max": 1.1,
      "distance": 0,
      "path": [
        "matmos_interactions/crit_emit_a.ogg",
        "matmos_interactions/crit_emit_b.ogg",
        "matmos_interactions/crit_emit_c.ogg"
      ]
    },
    "Interact Generic Holster": {
      "vol_min": 1.0,
      "vol_max": 1.0,
      "pitch_min": 0.7,
      "pitch_max": 0.8,
      "distance": 0,
      "path": [
        "matmos_interactions/generic_draw.ogg"
      ]
    },
    "Interact Sword Sharp Hit": {
      "vol_min": 1.0,
      "vol_max": 1.0,
      "pitch_min": 0.95,
      "pitch_max": 1.1,
      "distance": 0,
      "path": [
        "matmos_interactions/sword_hit_a.ogg",
        "matmos_interactions/sword_hit_b.ogg",
        "matmos_interactions/sword_hit_c.ogg",
        "matmos_interactions/sword_hit_d.ogg"
      ]
    },
    "Interact Sword Sharp Swing": {
      "vol_min": 1.0,
      "vol_max": 1.0,
      "pitch_min": 0.9,
      "pitch_max": 1.1,
      "distance": 0,
      "path": [
        "matmos_interactions/sword_attack_a.ogg",
        "matmos_interactions/sword_attack_b.ogg",
        "matmos_interactions/sword_attack_c.ogg",
        "matmos_interactions/sword_attack_d.ogg",
        "matmos_interactions/sword_attack_e.ogg",
        "matmos_interactions/sword_attack_f.ogg",
        "matmos_interactions/sword_attack_g.ogg",
        "matmos_interactions/sword_attack_h.ogg",
        "matmos_interactions/sword_attack_i.ogg"
      ]
    },
    "Interact Sword Soft Hit": {
      "vol_min": 1.0,
      "vol_max": 1.0,
      "pitch_min": 1.3,
      "pitch_max": 1.7,
      "distance": 0,
      "path": [
        "matmos_interactions/blunt_hit_a.ogg",
        "matmos_interactions/blunt_hit_b.ogg",
        "matmos_interactions/blunt_hit_c.ogg",
        "matmos_interactions/blunt_hit_d.ogg",
        "matmos_interactions/blunt_hit_e.ogg"
      ]
    },
    "Interact Sword Soft Swing": {
      "vol_min": 1.0,
      "vol_max": 1.0,
      "pitch_min": 1.5,
      "pitch_max": 1.8,
      "distance": 0,
      "path": [
        "matmos_interactions/blunt_attack_a.ogg",
        "matmos_interactions/blunt_attack_b.ogg",
        "matmos_interactions/blunt_attack_c.ogg",
        "matmos_interactions/blunt_attack_d.ogg",
        "matmos_interactions/blunt_attack_e.ogg"
      ]
    },
    "Interact Tool Sharp Swing": {
      "vol_min": 1.0,
      "vol_max": 1.0,
      "pitch_min": 0.95,
      "pitch_max": 1.15,
      "distance": 0,
      "path": [
        "matmos_interactions/tool_swing.ogg"
      ]
    },
    "Interact Tool Soft Swing": {
      "vol_min": 1.0,
      "vol_max": 1.0,
      "pitch_min": 1.5,
      "pitch_max": 1.8,
      "distance": 0,
      "path": [
        "matmos_interactions/blunt_attack_a.ogg",
        "matmos_interactions/blunt_attack_b.ogg",
        "matmos_interactions/blunt_attack_c.ogg",
        "matmos_interactions/blunt_attack_d.ogg",
        "matmos_interactions/blunt_attack_e.ogg"
      ]
    },
    "Stretch in water": {
      "vol_min": 1.3,
      "vol_max": 1.4,
      "pitch_min": 0.6,
      "pitch_max": 0.7,
      "distance": 0,
      "path": [
        "matmos_interactions/water_underwater_a.ogg",
        "matmos_interactions/water_underwater_b.ogg",
        "matmos_interactions/water_underwater_c.ogg",
        "matmos_interactions/water_underwater_d.ogg"
      ]
    },
    "Swing in water": {
      "vol_min": 1.3,
      "vol_max": 1.4,
      "pitch_min": 1.7,
      "pitch_max": 2.4,
      "distance": 0,
      "path": [
        "matmos_interactions/water_underwater_a.ogg",
        "matmos_interactions/water_underwater_b.ogg",
        "matmos_interactions/water_underwater_c.ogg",
        "matmos_interactions/water_underwater_d.ogg"
      ]
    },
    "__SAMPLE": {
      "vol_min": 1.0,
      "vol_max": 1.0,
      "pitch_min": 1.5,
      "pitch_max": 1.8,
      "distance": 0,
      "path": [
        "matmos_interactions/blunt_attack_a.ogg",
        "matmos_interactions/blunt_attack_b.ogg",
        "matmos_interactions/blunt_attack_c.ogg",
        "matmos_interactions/blunt_attack_d.ogg",
        "matmos_interactions/blunt_attack_e.ogg"
      ]
    }
  },
  "list": {
    "Sword Sharp": {
      "entries": [
        "267",
        "276",
        "283"
      ]
    },
    "Sword Sharp__AS_BLOCK": {
      "entries": [
        "minecraft:air"
      ]
    },
    "Sword Sharp__AS_ITEM": {
      "entries": [
        "minecraft:diamond_sword",
        "minecraft:golden_sword",
        "minecraft:iron_sword"
      ]
    },
    "Sword Soft": {
      "entries": [
        "268",
        "272"
      ]
    },
    "Sword Soft__AS_BLOCK": {
      "entries": [
        "minecraft:air"
      ]
    },
    "Sword Soft__AS_ITEM": {
      "entries": [
        "minecraft:stone_sword",
        "minecraft:wooden_sword"
      ]
    },
    "Tool Sharp": {
      "entries": [
        "256",
        "257",
        "258",
        "277",
        "278",
        "279",
        "284",
        "285",
        "286",
        "292",
        "293",
        "294"
      ]
    },
    "Tool Sharp__AS_BLOCK": {
      "entries": [
        "minecraft:air"
      ]
    },
    "Tool Sharp__AS_ITEM": {
      "entries": [
        "minecraft:diamond_axe",
        "minecraft:diamond_hoe",
        "minecraft:diamond_pickaxe",
        "minecraft:diamond_shovel",
        "minecraft:golden_axe",
        "minecraft:golden_hoe",
        "minecraft:golden_pickaxe",
        "minecraft:golden_shovel",
        "minecraft:iron_axe",
        "minecraft:iron_hoe",
        "minecraft:iron_pickaxe",
        "minecraft:iron_shovel"
      ]
    },
    "Tool Soft": {
      "entries": [
        "269",
        "270",
        "271",
        "273",
        "274",
        "275",
        "290",
        "291",
        "346"
      ]
    },
    "Tool Soft__AS_BLOCK": {
      "entries": [
        "minecraft:air"
      ]
    },
    "Tool Soft__AS_ITEM": {
      "entries": [
        "minecraft:fishing_rod",
        "minecraft:stone_axe",
        "minecraft:stone_hoe",
        "minecraft:stone_pickaxe",
        "minecraft:stone_shovel",
        "minecraft:wooden_axe",
        "minecraft:wooden_hoe",
        "minecraft:wooden_pickaxe",
        "minecraft:wooden_shovel"
      ]
    }
  },
  "dynamic": {}
}